-- ============================================================
-- MACS System – Oracle Init Script
-- Target: gvenzl/oracle-free:23-slim (FREEPDB1)
-- ============================================================

CREATE USER macs IDENTIFIED BY macs_password
    DEFAULT TABLESPACE users TEMPORARY TABLESPACE temp QUOTA UNLIMITED ON users;

GRANT CREATE SESSION, CREATE TABLE, CREATE VIEW, CREATE SEQUENCE, UNLIMITED TABLESPACE TO macs;

ALTER SESSION SET CURRENT_SCHEMA = macs;

-- ============================================================
-- Config Server – PROPERTIES
-- ============================================================
CREATE TABLE PROPERTIES (
    APPLICATION  VARCHAR2(128)  NOT NULL,
    PROFILE      VARCHAR2(128)  NOT NULL,
    LABEL        VARCHAR2(128)  NOT NULL,
    PROP_KEY     VARCHAR2(256)  NOT NULL,
    PROP_VALUE   VARCHAR2(4000),
    CONSTRAINT PK_PROPERTIES PRIMARY KEY (APPLICATION, PROFILE, LABEL, PROP_KEY)
);

-- ============================================================
-- Auth Server – System / Connector / Group 구조
-- ============================================================

-- 시스템-커넥터 매핑
CREATE TABLE SYSTEM_CONNECTOR (
    SYSTEM_NAME     VARCHAR2(64)   NOT NULL,
    CONNECTOR_NAME  VARCHAR2(128)  NOT NULL,
    DESCRIPTION     VARCHAR2(512),
    CREATED_AT      TIMESTAMP      DEFAULT CURRENT_TIMESTAMP NOT NULL,
    CONSTRAINT PK_SYSTEM_CONNECTOR PRIMARY KEY (SYSTEM_NAME, CONNECTOR_NAME)
);

-- 그룹 (시스템 단위, 자동 ID)
CREATE TABLE GROUP_INFO (
    GROUP_ID     NUMBER GENERATED BY DEFAULT ON NULL AS IDENTITY,
    SYSTEM_NAME  VARCHAR2(64)   NOT NULL,
    GROUP_NAME   VARCHAR2(128)  NOT NULL,
    CONSTRAINT PK_GROUP_INFO  PRIMARY KEY (GROUP_ID),
    CONSTRAINT UQ_GI_SYS_GRP UNIQUE (SYSTEM_NAME, GROUP_NAME)
);

-- 그룹 멤버
CREATE TABLE GROUP_MEMBER (
    GROUP_ID         NUMBER        NOT NULL,
    EMPLOYEE_NUMBER  VARCHAR2(32)  NOT NULL,
    CONSTRAINT PK_GROUP_MEMBER PRIMARY KEY (GROUP_ID, EMPLOYEE_NUMBER),
    CONSTRAINT FK_GM_GROUP     FOREIGN KEY (GROUP_ID) REFERENCES GROUP_INFO (GROUP_ID)
);

CREATE INDEX IDX_GM_EMPLOYEE ON GROUP_MEMBER (EMPLOYEE_NUMBER);

-- 그룹 리소스 (커넥터 이름)
CREATE TABLE GROUP_RESOURCE (
    GROUP_ID       NUMBER         NOT NULL,
    RESOURCE_NAME  VARCHAR2(256)  NOT NULL,
    CONSTRAINT PK_GROUP_RESOURCE PRIMARY KEY (GROUP_ID, RESOURCE_NAME),
    CONSTRAINT FK_GR_GROUP       FOREIGN KEY (GROUP_ID) REFERENCES GROUP_INFO (GROUP_ID)
);

-- 개인 리소스
CREATE TABLE USER_RESOURCE (
    EMPLOYEE_NUMBER  VARCHAR2(32)   NOT NULL,
    SYSTEM_NAME      VARCHAR2(64)   NOT NULL,
    RESOURCE_NAME    VARCHAR2(256)  NOT NULL,
    CONSTRAINT PK_USER_RESOURCE PRIMARY KEY (EMPLOYEE_NUMBER, SYSTEM_NAME, RESOURCE_NAME)
);

-- ============================================================
-- Sample Data – PROPERTIES
-- ============================================================
INSERT INTO PROPERTIES VALUES ('application','default','main','management.endpoints.web.exposure.include','health,info,prometheus');
INSERT INTO PROPERTIES VALUES ('gateway-service','default','main','spring.cloud.gateway.routes[0].id','portal-route');
INSERT INTO PROPERTIES VALUES ('gateway-service','default','main','spring.cloud.gateway.routes[0].uri','http://portal:3000');
INSERT INTO PROPERTIES VALUES ('gateway-service','default','main','spring.cloud.gateway.routes[0].predicates[0]','Path=/portal/**');
INSERT INTO PROPERTIES VALUES ('gateway-service','default','main','spring.cloud.gateway.routes[0].filters[0]','StripPrefix=1');

-- ============================================================
-- Sample Data – Systems & Connectors
-- ============================================================
INSERT INTO SYSTEM_CONNECTOR VALUES ('portal','portal','MACS Portal',CURRENT_TIMESTAMP);
INSERT INTO SYSTEM_CONNECTOR VALUES ('rms','validation-history','RMS Validation History',CURRENT_TIMESTAMP);
INSERT INTO SYSTEM_CONNECTOR VALUES ('ees','token-dictionary','EES Token Dictionary',CURRENT_TIMESTAMP);
INSERT INTO SYSTEM_CONNECTOR VALUES ('ees','qa-tool','EES QA Tool',CURRENT_TIMESTAMP);

-- ============================================================
-- Sample Data – Groups (auto-ID를 명시 지정)
-- ============================================================
INSERT INTO GROUP_INFO (GROUP_ID,SYSTEM_NAME,GROUP_NAME) VALUES (1,'portal','admin');
INSERT INTO GROUP_INFO (GROUP_ID,SYSTEM_NAME,GROUP_NAME) VALUES (2,'portal','developer');
INSERT INTO GROUP_INFO (GROUP_ID,SYSTEM_NAME,GROUP_NAME) VALUES (3,'portal','operator');
INSERT INTO GROUP_INFO (GROUP_ID,SYSTEM_NAME,GROUP_NAME) VALUES (4,'portal','user');
INSERT INTO GROUP_INFO (GROUP_ID,SYSTEM_NAME,GROUP_NAME) VALUES (5,'rms','admin');
INSERT INTO GROUP_INFO (GROUP_ID,SYSTEM_NAME,GROUP_NAME) VALUES (6,'rms','user');
INSERT INTO GROUP_INFO (GROUP_ID,SYSTEM_NAME,GROUP_NAME) VALUES (7,'ees','admin');
INSERT INTO GROUP_INFO (GROUP_ID,SYSTEM_NAME,GROUP_NAME) VALUES (8,'ees','user');

-- Members: 2078432 = 모든 시스템 admin
INSERT INTO GROUP_MEMBER VALUES (1,'2078432');
INSERT INTO GROUP_MEMBER VALUES (5,'2078432');
INSERT INTO GROUP_MEMBER VALUES (7,'2078432');
-- Members: 2065162 = portal operator, rms/ees admin
INSERT INTO GROUP_MEMBER VALUES (3,'2065162');
INSERT INTO GROUP_MEMBER VALUES (5,'2065162');
INSERT INTO GROUP_MEMBER VALUES (7,'2065162');

-- Resources (커넥터 이름)
INSERT INTO GROUP_RESOURCE VALUES (1,'portal');
INSERT INTO GROUP_RESOURCE VALUES (2,'portal');
INSERT INTO GROUP_RESOURCE VALUES (3,'portal');
INSERT INTO GROUP_RESOURCE VALUES (4,'portal');
INSERT INTO GROUP_RESOURCE VALUES (5,'validation-history');
INSERT INTO GROUP_RESOURCE VALUES (6,'validation-history');
INSERT INTO GROUP_RESOURCE VALUES (7,'token-dictionary');
INSERT INTO GROUP_RESOURCE VALUES (7,'qa-tool');
INSERT INTO GROUP_RESOURCE VALUES (8,'token-dictionary');

COMMIT;
